trial,t_total_s,pass_count,n,fail_rate
1,7.217576704,1000,1000,0.000
2,7.244315212,1000,1000,0.000
3,7.448975550,1000,1000,0.000
