trial,t_total_s,pass_count,n,fail_rate
1,7.150634569,1000,1000,0.000
2,7.210308882,1000,1000,0.000
3,7.218081455,1000,1000,0.000
