trial,t_total_s,pass_count,n,fail_rate
1,7.375819328,1000,1000,0.000
2,7.188024605,1000,1000,0.000
3,7.199056060,1000,1000,0.000
