trial,t_total_s,pass_count,n,fail_rate
1,7.352980100,1000,1000,0.000
2,7.308304520,1000,1000,0.000
3,7.327397387,1000,1000,0.000
