trial,t_total_s,pass_count,n,fail_rate
1,7.343590648,1000,1000,0.000
2,7.310759102,1000,1000,0.000
3,7.290512690,1000,1000,0.000
