trial,t_total_s,pass_count,n,fail_rate
1,7.376405776,1000,1000,0.000
2,7.378164588,1000,1000,0.000
3,7.390828842,1000,1000,0.000
