trial,t_total_s,pass_count,n,fail_rate
1,7.290432033,1000,1000,0.000
2,7.317532315,1000,1000,0.000
3,7.593251770,1000,1000,0.000
