trial,t_total_s,pass_count,n,fail_rate
1,7.922454883,1000,1000,0.000
2,7.625711186,1000,1000,0.000
3,7.311596793,1000,1000,0.000
